user_id,social_security_number,first_name,last_name,date_of_birth,address
1,450-51-3469,Frederique,Shervil,03/07/1997,1575 Tennyson Parkway
2,605-97-2656,Prudence,Stobbes,04/02/1983,9275 Stang Street
3,746-31-1214,Court,Kornyshev,05/16/1984,106 Shelley Terrace
4,581-28-3667,Margot,Cerro,07/14/1977,97 Lotheville Trail
5,199-94-5157,Uta,Tegler,04/02/1962,7 Lillian Drive
6,859-73-6964,Elmo,Ashworth,05/21/1961,78170 Everett Crossing
7,185-89-5432,Arvie,Schrieves,07/15/1967,88 Northport Pass
8,423-35-9942,Oriana,Magenny,07/06/1992,1844 Everett Lane
9,820-38-5678,Jarred,Fairbanks,10/03/1973,17596 Dunning Terrace
10,234-92-1722,Thorsten,Dennett,07/26/1972,112 Wayridge Lane
11,585-89-9167,Early,Forty,08/18/2003,28403 Chinook Avenue
12,172-56-9610,Mireille,Lomb,05/15/1974,409 Porter Street
13,610-49-2240,Lynsey,Senecaux,08/19/2002,27 Dorton Alley
14,555-33-7989,Westley,Grinyakin,11/03/1992,2347 Farwell Circle
15,329-90-1332,Nadeen,Shirtliff,01/24/1984,9 Porter Circle
16,667-76-3806,Cecil,Brunone,02/01/1980,7067 Hoepker Place
17,649-46-0674,Estell,Frostdicke,06/24/1991,488 La Follette Parkway
18,494-44-8705,Donnamarie,Tesche,04/15/2002,3741 Schlimgen Terrace
19,875-86-9174,Saw,Tizard,08/29/1985,686 Mayfield Trail
20,780-61-6445,Alessandro,Gregol,11/15/1963,10528 Lakewood Park
21,779-82-6303,Hedi,Wrettum,12/27/2000,5930 Union Place
22,112-71-2675,Aretha,Chesnay,12/15/1997,4 Meadow Vale Parkway
23,558-07-4981,Myles,Gilardone,10/23/1992,4483 Golf View Hill
24,404-82-9911,Rosene,Henrion,07/27/1966,7 Mallard Lane
25,139-31-2374,Hendrick,Amys,02/28/1968,5 Lighthouse Bay Drive
26,111-90-4406,Tandie,Venneur,03/15/1963,302 Kim Avenue
27,535-79-5162,Faye,Rizzardo,08/26/1960,8579 Michigan Parkway
28,756-22-9354,Koenraad,Chrismas,10/10/1966,808 Jay Crossing
29,309-30-3500,Christiano,Learoid,11/10/1980,126 Lakeland Place
30,594-91-5483,Nickey,Derx,02/22/1994,027 Schlimgen Lane
31,274-35-5167,Reynolds,Caldecutt,05/25/1996,7 Homewood Avenue
32,548-53-7866,Bert,Scrowson,07/22/1995,7 Vera Park
33,235-09-3687,Pattie,McSorley,06/10/2002,5659 Sachs Lane
34,107-63-8928,Silva,Smythe,10/15/1987,15015 Westport Parkway
35,521-90-7934,Massimo,Smillie,05/14/1991,15 Ridgeway Circle
36,245-83-6208,Ferdinanda,Warrior,07/02/1976,49859 Vahlen Crossing
37,429-29-4686,Adrien,Chitson,05/26/1988,93070 Amoth Circle
38,828-90-2767,Tallie,Scargill,02/03/1985,7 Norway Maple Crossing
39,631-93-5845,Vassili,Barefoot,02/25/1966,077 Talmadge Hill
40,785-66-9499,Sholom,Rosedale,09/02/1961,4068 Schlimgen Park
41,244-21-6938,Gwynne,Oram,11/25/1972,14 Granby Street
42,673-95-1297,Aila,Freund,09/08/1993,878 Declaration Way
43,612-44-1043,Arel,Laba,03/04/1976,88 Roxbury Way
44,498-10-1290,Ammamaria,Gligori,12/04/1983,7 American Park
45,315-27-2789,Theo,Bickardike,11/08/1994,2 Lillian Alley
46,836-53-1191,Betsy,Muriel,07/07/1989,13 Prentice Trail
47,354-10-6705,Elisabeth,Doornbos,03/29/1990,486 Norway Maple Road
48,141-34-5564,Lucian,Haulkham,04/22/1970,06978 Blaine Drive
49,128-21-8399,Megen,Cardinal,06/29/1982,543 Homewood Center
50,387-90-8947,Lorrayne,Adamsen,11/20/1981,92906 Hooker Circle
51,304-34-0209,Sloane,Barbe,10/09/1973,28 Macpherson Street
52,502-84-5836,Martina,Lackney,11/02/1974,92 Carey Avenue
53,835-78-2387,Jordanna,Knobell,03/01/1968,8 Donald Center
54,773-72-3396,Nonnah,Haimes,07/08/1983,6 Waubesa Way
55,663-46-1886,Oralee,Tucknutt,02/27/1981,6193 Elmside Road
56,643-92-5171,Royce,Andrejs,02/08/1994,65 Knutson Lane
57,582-67-5343,Sada,De Giovanni,12/31/2000,2261 Tony Hill
58,403-83-5711,Joellyn,Rivard,12/21/1967,3 Bartelt Lane
59,656-23-0542,Stephani,Breming,12/01/1989,4 Darwin Parkway
60,520-07-4307,Sergei,Praton,11/20/1978,654 Crescent Oaks Lane
61,121-04-9657,Arlena,Tromans,07/16/1974,6 Ryan Place
62,623-15-6918,Ciro,Zannotelli,01/14/1994,94064 Magdeline Hill
63,646-59-3466,Stephannie,Ferriere,08/03/1986,0604 Lakewood Gardens Road
64,848-95-6372,Jessalyn,Glyne,09/09/1976,937 Almo Pass
65,230-87-6097,Joletta,Gullivent,06/15/2000,43 Riverside Alley
66,309-60-1639,Peder,Noir,02/18/1998,654 Melby Avenue
67,227-58-5835,Ina,Blacklidge,10/16/1960,2 Jenifer Road
68,138-29-8404,Malorie,Godfree,12/02/1983,616 Susan Crossing
69,817-02-4545,Jillane,MacPaden,07/13/1969,49702 Barby Crossing
70,871-01-2322,Addi,Goodwins,01/30/1994,91805 Sunnyside Road
71,240-89-3147,Sol,Agius,12/15/1971,40211 Brickson Park Point
72,792-59-8677,Garv,Kettlewell,02/22/1964,3037 Bobwhite Street
73,687-43-7812,Correna,Eaklee,08/05/1980,37951 Manitowish Trail
74,425-99-5757,Magda,McQuilliam,10/23/1995,492 Clarendon Lane
75,121-10-7851,Kamila,Ply,04/21/1995,74397 Londonderry Court
76,562-81-8802,Babara,Clac,10/17/2000,36 Duke Place
77,128-35-7893,Salomo,Balmforth,07/15/1963,1 Mallory Avenue
78,334-81-3851,Beryle,Pahler,04/14/1973,16731 Stuart Parkway
79,665-68-9726,Ileana,Adnett,07/22/1989,593 Lawn Lane
80,253-48-6867,Desirae,Dryburgh,08/04/1975,032 Golf Course Circle
81,198-43-9770,Brianne,Habden,02/18/1997,8135 Bluejay Lane
82,198-48-0967,Arnold,Torres,04/21/1984,92 Ridgeway Hill
83,878-76-5393,Briney,Boissieux,11/07/1979,11 Ramsey Terrace
84,770-39-0462,Peta,Bachmann,07/23/1973,98 Kedzie Park
85,216-64-6534,Zonda,Proschke,02/04/1980,337 Mayer Way
86,350-39-9056,Noella,McGrath,02/05/1991,6 Pine View Hill
87,845-64-5925,Mart,Gainor,02/02/1980,15612 Arapahoe Street
88,445-27-2073,Esra,Tivenan,06/26/1967,876 Gulseth Court
89,759-26-2235,Daveen,Disbrey,02/20/2000,7 Declaration Trail
90,638-10-8732,Benyamin,Knowller,09/22/1984,5724 East Park
91,191-77-7527,Filia,Millam,07/24/1995,346 Michigan Point
92,196-23-0129,Luciano,Setch,02/22/2000,34 Eastwood Lane
93,110-57-7661,Ferris,Flann,01/15/1986,214 Westridge Avenue
94,354-23-4722,Annmaria,Capell,02/08/1979,6 Pankratz Road
95,345-10-3060,Kiley,Giametti,03/06/1987,15521 Green Ridge Road
96,248-09-9257,Tessie,Smails,07/29/1994,88 Blue Bill Park Lane
97,250-82-2128,Gertrude,Tomaino,02/22/2003,10102 Bellgrove Plaza
98,445-43-7974,Fionna,Wisden,06/23/1986,7 Banding Way
99,269-99-4819,Fedora,Lahrs,03/03/1963,1 Wayridge Parkway
100,441-78-2660,Austin,Middlemiss,03/10/1989,4735 Manufacturers Lane
