id,role,phone_number,email,password_hash
1,customer,+7 567280603,wayars0@google.com,$2a$04$ZTcPdp5u3FhndwmjDdpsS.Vjloji8z2RuJGt4u/VakRV5afFtDjiG
2,customer,+62 382788591,dwiggett1@t-online.de,$2a$04$D21wlO4gEtTMutLfhhLAd.IdgbjVhVBPXX4qReVojNSA3oAinJ3Ba
3,customer,+86 454589233,enavein2@cbsnews.com,$2a$04$2kW01iY319YJ2OTdbyQkbOIjNmk9mpvXNRqV8kJGFtxKko7E1L0mK
4,customer,+234 208401294,lstorres3@over-blog.com,$2a$04$aRn5YdTgfhGIQ2OiiQl2cuctCGrot8YnqA/kW6a0MzkJNJU8eT2h6
5,customer,+62 16186014,,$2a$04$3SNGn5KFFfiKBfk6m0TtyueJFgotAiOs.6BwbLFy53EGoEgQu0x5m
6,customer,+51 91091281,ikeedy5@apache.org,$2a$04$nTDi1GwULEQy80Es2qqKCOZF3MVFtXRZNwFnhDm6FwOLGV.Cf4gjK
7,customer,+355 623338547,vtomich6@51.la,$2a$04$DIxQ2oy/DCWYhGQbeFgH0OhiZ3XgdgDa5qm14eryjvgFb75qPPLWO
8,customer,+86 95566653,tantonijevic7@google.cn,$2a$04$rw3lu8WiMm9qA8nopyJZbOfGY6LZ1CG6/FhpdFHHpFFBnpcuUPmNi
9,customer,+86 164496806,bfrean8@unc.edu,
10,customer,+7 631249555,kgisburn9@tinyurl.com,$2a$04$KufsDy8rj77s9ROFwMTheOhypVli5KWvNOx0SvQ9IQj5DVLGxgjbW
11,customer,+64 740999169,pletchera@scientificamerican.com,$2a$04$DuQj6py2qIvlxFXRjwqNxO74frAQIxf57kwjPCOgQG/B32Wakh3la
12,customer,+48 635672931,vwilsteadb@cbc.ca,$2a$04$OyLcaesQYN25FrC3QDOAk.cShlEMlbwFxnayHEA9H1GcCecfQujna
13,customer,+62 69836377,ftitchardc@ucsd.edu,$2a$04$D2LZCppbV/m78z.0AeOBGujI9BRGm4D1cCinxBJZLykgPK4HSOWCS
14,customer,+54 696992956,dpiffordd@nature.com,$2a$04$Ooyv14G5Xr9R1bM2oM0dGe8F/beh8x4Hmt6VOk2v6W8xjS0pik.ii
15,customer,+55 957792240,,$2a$04$WLevb/SgT0wX7PUG5nHncuTnsjhA4utqJMd/2EkKug4/53Q2EGlJe
16,customer,+86 482140655,,$2a$04$urVEBLNxmDfrZY/7sfXDOOJMlFC1rKPGI8dnuV4p0VdaqXzp9uEle
17,customer,+7 870416441,nmccartyg@amazon.co.uk,$2a$04$XIbTqYIcTyjuk4mjR1Y.AuxxpfokVjXWdwHSHb25D/y/kdl3LP5li
18,customer,+48 54449497,,$2a$04$0nYiYMNhepPAcT4ZzFRHsO9Sjm5RLpjSiSukiZtipf2DMFgcDnO.i
19,customer,+63 20289253,bcassellai@mashable.com,$2a$04$TgTRI5LLPDZeFtkx8KjGbeNbZMp0XU7mZrQrElhmiysGDYtoN3equ
20,customer,+86 723543679,bhealingsj@mayoclinic.com,$2a$04$gpwTnF9BKltUySH/zFwjlOCQlxvbEUmtk3LSOYmisvt6.7ltpko.W
21,customer,+1 757470208,rfloresk@twitpic.com,$2a$04$MV3m28e4C1TumiYeYBKp/e31EhAXamFoL8vuXhTw9O4K3c5nyCkCu
22,customer,+351 379219132,tmetrickl@reverbnation.com,$2a$04$kdkiOKFv/6qxUPDjpgwyrOwi4miJB3sbX6meykfO3.eXmEAnCMqTK
23,customer,+57 230363629,rdanetm@paginegialle.it,$2a$04$JaGDoFsQXqpR2rSb6e5bo.FUR9C6u1lK5xLR2UrhAB5HU1gqtPvfq
24,customer,+63 545845928,sjouhningn@aboutads.info,$2a$04$zltKy/HX0ZqYu0.AvTF8re7f6Fxfjce3B35a6byILxzTma70TwhRi
25,customer,+86 142625564,yrosleno@stumbleupon.com,$2a$04$88nzL4SCX9f4UTLaCReZpuEq1i7VqiRYZB52g15uIGaME5ZE1GdwK
26,customer,+380 810259397,rdronp@cafepress.com,$2a$04$IIG7Ks7bHtLau/x9iBJGB.U3.nT/o2YAGTu0jsrEyfhC3g/7UJhcm
27,customer,+86 988274878,,$2a$04$VUvq1BWAIWPTm/5dY37sUe8BqrzKxd0T6iEc6KpmTOC7/e0V7ft5u
28,customer,+351 912787793,obreeser@dailymotion.com,$2a$04$F7kMWkwhUU2Y3fhFzBdrMuzLhZybWNLFO3GwIocqh2T8QLD6L6hwe
29,customer,+1 980735722,recclesalls@blogspot.com,
30,customer,+86 313424418,,$2a$04$GDayDBlo7YJBnwG8BYpqru6mENVS2lUNclu64eonIKaGwjvz4YCkm
31,customer,+86 734522244,amacknessu@nasa.gov,$2a$04$xDJgnTyJ7q9nfne4Jv48Su3vHD7gZFfhSQjBGsZ4Xkx752VgVFluq
32,customer,+63 740719169,,$2a$04$afetRiv.86QF02nVz9G67ORhJPuKVJS5q.i3Uwcz3YzaClZRL9/N2
33,customer,+261 378964465,,$2a$04$fxVv5dYHlORIy0Q170Bfaud5HfNbG5FuvKgu5tLs4q1hqpQKDyF1a
34,customer,+86 882152894,,$2a$04$XH8Qno2S7ZDoPb70RJcMyu1YR9/MzZ9Z/PNc2qlA7rVVIHZmBqTOa
35,customer,+86 611975444,zfarringtony@people.com.cn,
36,customer,+86 521295924,ccleghornz@weibo.com,$2a$04$lciNiTFKip37pCBPS7Ytx.iOhZDl/zMyNhD0xUQEv6FYPp5aVR7xy
37,customer,+86 264633870,ebote10@rambler.ru,
38,customer,+62 338255475,mneasam11@barnesandnoble.com,
39,customer,+7 347791169,epressnell12@live.com,$2a$04$WRb3uxDJxqMNYFTBK3quyOuF.Gq1TJuuoa3DQFojBNXFhluto24le
40,customer,+269 696184757,bwest13@skyrock.com,$2a$04$MqUu07PiV2fqDauCUwX28e7p69SdkCXs8bIGsr3amU.Bg0uPgyqni
41,customer,+1 559691900,acranch14@discovery.com,$2a$04$/EhZkJegIj9K78Lv5VBKCuSkJWFtvsYXrlosOVTIII33bbzPYmEX2
42,customer,+48 773956124,rcarlan15@jalbum.net,
43,customer,+62 863786456,,$2a$04$HIDuARcyrRlOZ.OqnadVpu2cVoONXsCT5Pu23BI8.wO1kvTCUkttC
44,customer,+387 691516381,iainslie17@sitemeter.com,$2a$04$VSTEPCINfbJNxboD5fsXtersQ5UqfyrJG8w9dfLFmS9EcR.N4rEHm
45,customer,+383 308277526,dlesurf18@toplist.cz,$2a$04$olKDXgVgwzU22igxyt0sl.VjccZ5yH.0YCbo/re.db1os0IXzT5yC
46,customer,+81 251644950,bgolton19@hhs.gov,$2a$04$1qwUVGzCGlkuGw6plJxqheZLU8Oz9.fgsS15LsvZXJ6Rzowitm1Xm
47,customer,+66 202747866,mstainson1a@sogou.com,$2a$04$2a3UXbIsqLZPFZ0W2zM7TuLQwW17H1TekMF0xBVnoXvDHHh.l56lu
48,customer,+48 609969711,morred1b@newyorker.com,$2a$04$SbXd0TqaqmPmmkgzh4HtTuct.UQOCkj5jMzb60u4zcvi319NiCHZS
49,customer,+504 85597170,awarlton1c@tmall.com,$2a$04$LqxVd9UkWfQgcATJ5VWmjecKFp7CaQnJeMua8xbrdX3c3ZCU2zreC
50,customer,+54 983597722,ecaldero1d@mayoclinic.com,$2a$04$k0L.YT3W7HPfcMJUVhcoh.MIK006epOyL5HV8WYilB5rih76nlscC
51,customer,+48 564756381,wgallager1e@abc.net.au,$2a$04$juCRBH3GYOPapdLmkuqrIuw./Up7VNh7Ra9/fteiuCYCoEru1qB4C
52,customer,+55 588908632,jbillett1f@rambler.ru,$2a$04$db9fG0J20TlHLf4HGn3Lmu6Mv3kSuoijbDHnhdCObQyyaAf6xkYz6
53,customer,+86 402787572,nkuschek1g@youtube.com,$2a$04$FuKuD1Av6QcKC7vkPha5Tezri5SbjC1IjLTGaN7RSsN5NpUHhuFZO
54,customer,+299 776304727,ccartmale1h@php.net,$2a$04$L9LpwQ/KWevicDWVPjRNwea48x33QNHCfNAri4V5w8pWy0PqWkruu
55,customer,+62 748461363,jdeverock1i@sakura.ne.jp,
56,customer,+62 136696414,,
57,customer,+66 62636383,bditty1k@ow.ly,$2a$04$b3mbbQ8jhFeKbFG9bhmUcem1jCdCkpEnQ4MNop8oCNe6tdgHDgEMS
58,customer,+30 91596276,tgayden1l@altervista.org,$2a$04$xddPpVgGKDoXBguIiRD6eeud36RQoO9ZpCD0BbaGn8aeQrpeWkk/O
59,customer,+60 551556477,,$2a$04$uRGnDzDAq3OqBFUH2HICOe/aUPwvhPcUwsWuMRVWfNi29VdphTbDS
60,customer,+256 929512726,cquelch1n@google.ru,$2a$04$Fp9lHwvjwEIpzUWlFsRZ2OA32n5JFOPV5iEwvAyZ.EZwC7..6Ibzi
61,customer,+62 560169914,dleslie1o@goo.ne.jp,$2a$04$qfVBLeQA8HF5chX8Tlui/.QjWZx1G8rufbHnPJt5MDOuzrQtFUZAa
62,customer,+20 287613980,thamm1p@who.int,
63,customer,+994 720357357,ceakeley1q@alibaba.com,$2a$04$YBhReRBy.sBvEkpTkUlgIuRi3BK9Tr1D/JVSMYnp9vrf1TBLssWDK
64,customer,+86 403743743,,$2a$04$DRKcz4x088Aw9xMzGh0OSOukRfDSeTrGY1qawed.5SofYWk4DH3pK
65,customer,+62 586830470,,$2a$04$Asa4NtsQDlUmFboAEah.DOX575OSfRfjtt4WgARwXevNAW4e6FFO.
66,customer,+86 816686314,fhodgins1t@usnews.com,
67,customer,+970 34477192,tgerrit1u@home.pl,$2a$04$LoJkmT95giDeH51eRENe0eS8plt7jnv2pHfEyoSZPTHzc7EvJzova
68,customer,+86 422181584,ecraske1v@cloudflare.com,$2a$04$34plLG15CZRo5A8tfWpe1.zX.nsfHWwQmLjv0WWDBpo8WPVsupMuK
69,customer,+63 275721911,dosheils1w@imageshack.us,$2a$04$7BFWB5g9.GyacOmyTRIpN.gCVVGhHXV250h0nxja7d/hKpRiWlFz.
70,customer,+86 250549790,,$2a$04$YYufFNF.SyxChlEB0c3yV.I6pVji94xYdK7Dsihon.XqOixFccDg2
71,customer,+967 144625928,tesslemont1y@mysql.com,$2a$04$XC4LiHTBlmfnz.oIQFhtwOBLWFODLPHYE0wVRzvq3IF7wju/DXl5e
72,customer,+86 979337927,tocurran1z@de.vu,$2a$04$USi4NX3NUVTBfo9agjXADO7vFkyOZpbCVRZDFisi1cC2tGnWczjZS
73,customer,+373 530450414,mpember20@omniture.com,$2a$04$DnUoIqxLQTXoolcUjiFv4eMJVE9zbukowqHB9q4h9JQFreOtkNdxC
74,customer,+86 370689196,pmcmechan21@cloudflare.com,$2a$04$q5/Vo7dGY/gvbMJSjyl7..La8vPPbOJXsU5WKvKNIhxGjhudKBh8S
75,customer,+593 206464578,hbartkiewicz22@about.com,$2a$04$WEmulNdX6uvwtey0VjDUC.Hqlq1IunwPZDKRX.zestg17qtgnLmPK
76,customer,+7 636844544,krendall23@unc.edu,$2a$04$f7AmxeB6FVC03N1hHse2b.bIkEazRf52c.AYdrzxcA9K4s0n41xwa
77,customer,+62 225929460,atroke24@apple.com,$2a$04$iOCr1m6jlLzBpn.oWnf4Fu6UY2eW0BRBS4GCNAWoCasbFs54wb0ga
78,customer,+54 851582550,ssimpkin25@blogtalkradio.com,$2a$04$fq12gA0/216.Jcl380tZxuMDIShg1yJfwZ03NFFWTiD0JwiTIQiCi
79,customer,+351 403803796,clardez26@wordpress.org,$2a$04$qE2YMCQH3qnTrqHo/d/eHe0wF66ic.rc.T7RQIK3dSmgux5fo81S6
80,customer,+380 26387818,,$2a$04$Si72QaFTfO2mQ6YFT6KVz.AMD1ifx7RrVN9tTsF904t.Z1Wg9fIyO
81,customer,+86 529138925,,$2a$04$TIeA5GpiKTXfoDK55n3L7uboTWRsFySNUiZoFsS5oZMdV/gEZBOHK
82,customer,+62 54866371,lgrafhom29@xinhuanet.com,
83,customer,+63 84855297,,
84,customer,+66 839451461,hsemper2b@drupal.org,$2a$04$b60A5qk8kr4lDS0oCmeVsODPlWlm56oQy/QCq4mzOMIafLyKLXSz.
85,customer,+54 750156635,vquartermaine2c@latimes.com,$2a$04$eixPXLtzykkR0v0oxodzaePA6y8DRGgYIsinmEQZ8lcvuHuG9Pg9.
86,customer,+86 822255860,jferreiro2d@google.co.jp,$2a$04$tDVViqCEonvMyjxE8r4i6ep5hjFe9VX3mBvxmYv.uq5xvbeumoL2i
87,customer,+7 724654932,rharvison2e@gnu.org,$2a$04$lGeR9P2.qVbcOnWs82T.DuRDWcgZFV/SKqyyXYal4cCfAQuU0MBX6
88,customer,+972 139209697,cirons2f@lulu.com,$2a$04$iDhFPJVm59a3f1dRLQMwRenZj.usBqsTS0xwB4HTpQ2yFEyToosFq
89,customer,+86 760583907,bhardesty2g@yandex.ru,
90,customer,+33 255614416,pcraster2h@homestead.com,$2a$04$vgX2fAcX7g1bPmJTZNi7WOL0jeF/ky6Nf5I2v0drK14iaSYmcM85u
91,customer,+351 238121739,ashadwick2i@ask.com,
92,customer,+48 400565826,,$2a$04$1hJCRvwCOwyYp7lW1ikzmeUXLzt49tl31jf17pd/ADT5VJ.crewPm
93,customer,+54 376614730,fdorgan2k@yahoo.co.jp,
94,customer,+51 730229628,,
95,customer,+81 690849320,sgodsal2m@studiopress.com,$2a$04$amz8VXkFmkW2YIR/k5eYB.g5QLVfIUvGVqAnw7Xao2dNeqUBYJf96
96,customer,+358 808837238,,$2a$04$aJk3USLDNmCs4ZePcYMvt.nX6GCcmP0xh55RkMW7pjqsUQmajXrBO
97,customer,+86 713639342,ilorentzen2o@archive.org,$2a$04$y2uTGQ9WzxBmz5QDljx2qOsOcC4GJTcaUaOzs0s2NWyZywDwvKVeu
98,customer,+7 969169417,eodoireidh2p@devhub.com,$2a$04$hW6liLv2woZwYQxPO1Pdou8vt/g1ooVEcxsIJ34auF75FYpmVRKFa
99,customer,+7 858577486,misham2q@amazon.co.uk,
100,customer,+62 861148540,,$2a$04$gsnFd14sKcI54k4Qh3AAPuvDtGQC/nnMq/EvJuFg7lz34Z80bFo56
101,employee,+86 475982858,fhatherleigh2s@paginegialle.it,$2a$04$jdEjChK.PtMufMsQDp/t..zt2XLSfzWRGbigZWggVUBW92jwB93Be
102,employee,+62 407582860,rbraid2t@va.gov,$2a$04$WOjjPUsqBXWuzVPq.HXDQ.NlxAyXz3fR5JuZDsCpO1FvQXG3/iCa6
103,employee,+352 853884836,jwenban2u@biblegateway.com,$2a$04$OIoWNS2NZoMe11D75NXn0ODP6HLbcwyRSRxEuBmX4ILeCjibC4xym
104,employee,+7 56768414,gmacauley2v@ft.com,$2a$04$DEbkv/JuPlRBmh/TqDJX9.l9t8dKmmYSjG8RTmdAh0RtnTDt2UyGi
105,employee,+27 236594176,jsimester2w@deliciousdays.com,$2a$04$7TPdutCZVDzFeJvnbrFkS.wxX66P..00x5OrxoaTTgOoMnePVIpei
106,employee,+33 167673731,sfarfalameev2x@unblog.fr,
107,employee,+86 792190294,,$2a$04$bgn5/c2xWVzQPUYb9OaW2uuECRSAg3pk9g.bAqeVawNss2qK3D9hK
108,employee,+62 633318157,lwolland2z@oracle.com,
109,employee,+86 963475853,coxlee30@illinois.edu,$2a$04$2vDguvng1RPltkHAQphqsO36RZbGb.hURlpeJNV3IDs1LmrIxdkLa
110,employee,+7 617431114,dkidner31@ted.com,
111,admin,+31 615957803,tseka.nice@gmail.com,
